MysticChrono,Estrategia,13317,22
LegendsBlade,Estrategia,41020,95
DragonWarrior,Acción,49717,94
DragonEmpire,RPG,43885,75
MysticGalaxy,Acción,67661,16
ChronoShadow,Simulación,13884,56
DragonWarrior,Deportes,60979,81
DragonMystic,Estrategia,53311,87
BladeEmpire,RPG,28463,100
DragonDragon,Acción,13664,77
QuestDragon,RPG,29338,68
BladeQuest,Deportes,36239,94
DragonLegends,Simulación,5327,79
ChronoMystic,Estrategia,48804,13
ChronoEmpire,Estrategia,22726,96
GalaxyMystic,RPG,59262,46
MysticWarrior,Aventura,16903,33
EmpireLegends,Acción,57804,93
GalaxyQuest,RPG,14743,43
QuestChrono,Deportes,35206,65
EmpireWarrior,Aventura,14188,26
GalaxyBlade,RPG,19245,6
DragonBlade,Simulación,47997,48
WarriorMystic,Simulación,62341,19
ChronoChrono,Aventura,67238,26
QuestDragon,Simulación,6087,21
ShadowLegends,Acción,45190,86
QuestEmpire,Acción,13963,93
QuestGalaxy,Simulación,50273,11
LegendsDragon,Simulación,58304,93
ShadowLegends,Simulación,7306,76
WarriorBlade,Aventura,51742,76
EmpireLegends,RPG,5835,63
ChronoShadow,Deportes,1046,47
MysticMystic,Deportes,65262,3
QuestWarrior,Deportes,58107,67
EmpireShadow,Aventura,7712,78
MysticLegends,Simulación,28670,29
ChronoGalaxy,Aventura,25538,60
WarriorMystic,Estrategia,57146,52
ShadowMystic,Aventura,50638,68
BladeMystic,Deportes,68348,77
EmpireShadow,Acción,33507,54
EmpireDragon,Estrategia,65347,35
DragonLegends,Estrategia,8299,86
ShadowEmpire,Deportes,33901,94
BladeQuest,Aventura,66997,93
BladeEmpire,Acción,40475,78
DragonLegends,Simulación,60084,99
QuestQuest,Deportes,11687,97
ChronoDragon,Deportes,64172,35
BladeDragon,Acción,49861,82
WarriorLegends,Aventura,47451,69
EmpireMystic,Aventura,47923,0
GalaxyWarrior,Acción,25811,31
QuestWarrior,RPG,44039,36
GalaxyGalaxy,Deportes,45090,10
EmpireBlade,Estrategia,38539,16
ShadowGalaxy,Simulación,23472,94
EmpireChrono,Deportes,62250,20
WarriorGalaxy,Deportes,23780,2
ChronoGalaxy,Estrategia,64051,82
DragonChrono,Simulación,19199,33
ShadowDragon,Acción,11419,62
DragonShadow,RPG,44869,84
QuestShadow,Estrategia,21232,70
ShadowMystic,Simulación,8593,97
ShadowGalaxy,RPG,34303,65
ShadowLegends,Acción,36464,28
EmpireDragon,Aventura,31998,73
WarriorChrono,Acción,37751,71
BladeLegends,Deportes,8558,50
MysticWarrior,Aventura,12014,37
MysticShadow,Simulación,31919,21
BladeQuest,Deportes,29729,22
QuestDragon,Simulación,55554,97
WarriorWarrior,RPG,19550,16
LegendsChrono,Acción,39986,45
ShadowLegends,Simulación,12200,96
LegendsGalaxy,RPG,3428,2
DragonMystic,Simulación,32008,74
ChronoEmpire,RPG,31978,9
BladeGalaxy,Estrategia,21862,75
ShadowShadow,Acción,47785,23
ShadowWarrior,Aventura,66143,58
WarriorChrono,Acción,26865,45
WarriorWarrior,Acción,37249,48
MysticChrono,Aventura,62918,56
BladeWarrior,Deportes,35237,27
GalaxyChrono,Estrategia,48054,98
LegendsBlade,Aventura,19263,88
QuestQuest,Deportes,27526,2
ChronoEmpire,RPG,25966,69
LegendsShadow,Simulación,69657,0
GalaxyLegends,Deportes,68121,76
BladeDragon,Aventura,61851,18
ChronoEmpire,Deportes,62388,57
DragonChrono,Acción,5604,6
MysticLegends,Estrategia,11119,14
DragonWarrior,Deportes,28372,25
